03818,1991,Sj. W. D. Kuikenga,Mijn militaire memoires: de mooie\, minder mooie\, trieste en uiteindelijk bittere ervaringen van een reserve-officier\, opgedaan vóór\, tijdens en na de 2e Wereldoorlog
03829,1992,Moen\, Jacob,Herinneringen van toen… Enkele fragmenten uit het leven van Jacob Moen
03831,2005,Tienen\, Con van,Mijn levensloop\, 1920-1950
03828,2004,Ruiter\, Rienus de,On active service. 27 juni 1946 - 18 september 1946. Briefverslag van zijn uitzending als army doctor naar Nederlands Indië.
03833,,In eigen beheer,"Repliek. Nederlands-Oost-Indië
03826,2001,Breen\, Willem F. van,Tussen kolonie en merdeka.
03824,1939,Broerse\, Co,Herinneringen van Co Broerse uit de jaren 1939-1950. Grotendeels geput uit de vele brieven aan zijn moeder in de periode 1945-1950.
03822,1949,Dorp\, L. van,De geschiedenis van 3. Garderegiment Prinses Irene
03845,1984,Graaff\, Ant. P.\, de,Het vergeten leger : het 425e bataljon infanterie
03844,2014,Heest\, Frans\, van,Diensplichtigen in Indie 1957/1949
03825,1946,Jansen\, W.K.,Het verhaal van een dienstplichtig soldaat.
03843,1950,Klijnen\, T.,5-1 R.I. in de tropen
03823,1949,Maurik\, Henk van,Djokja achter de horizon
03836,2009,Hennie Bijker et al. (eds.),Ontmoeten en herdenken: Terugblik op de reünies van 5-5 R.I.
03842,1994,Oud Dick,Verbindingsmannen Onder De Palmen
03832,2012,Schuurmans\, Tini (samensteller),"De verhalen van de sobats van het 3e Bataljon Garderegiment ""Prinses Irene"""
03820,1984,Tillema\, Piet,"""Zelfportret"" van de 31e Hp.V.A.: 17 september 1946 tot 20 februari 1950. Uitgegeven ter gelegenheid van de vierde reünie van het onderdeel in Alphen aan de Rijn op 8 september 1984"
03830,2011,Zijlemaker\, Ed,Indisch avontuur van een dienstplichtig soldaat
03839,1995,Zwart\, Henny (ed.),Er waren er die niet gingen: Vijftien eeuwen straf voor Indonesië-weigeraars
03834,2006,Ligterink Frank,Een verleden herleefd: Indië 1948-1950
03994,1992,,De witte karbouw : herinneringen aan een oorlog in de tropen
03998,1993,,De verliezers : Indonesië op het tweede gezicht
03935,,,Kennemers\, watermannen en rijstvogels
03997,1640,,Catalogus bibliothecæ publicæ lvgdvno-batavæ noviter recognitus
03934,,,Soldaat in Nederlands Indie? : dienstplichtige jongens en OVW'ers uit Achterveld\, Stoutenburg en directe omgeving in Nederlands Oost Indie?
03816,,,Gadja merah op Bali en Lombok.
03817,1946,,Demarcatielijn
03932,,,Rijssenaren in Indie?
03809,1940,,Mijn herinneringen aan de oorlog met zijn aanloop en nasleep
03810,,,Brieven van mijn vader Antonie van der Stelt
03811,,,Succes in een verloren oorlog : het 6e Regiment Veldartillerie en zijn Speciale Troepen in de onafhankelijkheidsstrijd van de Republiek Indonesië\, 1946-1949
03812,,,Dagboek van een dienstplichtig sergeant-majoor-administrateur : Mijn tropenjaren in dienst van de Majesteit 5 februari 1947 t/m 18 februari 1950
03813,,,De oorlag ver weg 1949-1962
03814,,,Het dagboek van een huzaar 1947-1950
03985,,,Op klompen door de dessa : Indie?gangers vertellen
03878,1954,Fabius\, J.,Zwart op Wit
03984,,,De medische geschiedenis van een infanterie-bataljon der Koninklijke Landmacht gedurende drie jaar actieve dienst op Java\, 1946-1950
03930,,,Soldaat overzee.
03980,,,Vergeefse reis : herinneringen van een Koninklijke Landmacht-soldaat in Indië/Indonesië\, augustus 1949 - maart 1951
03858,1946,-,Themanummer Indië [geen titel]
03871,1993,Camping\, J.,De verbindingsdienst en Indonesië (1945-1950)
03841,2013,Blekendaal\, Martijn,Indiëganger in gewetensnood
03391,,,Indonesie? liet me nooit meer los : vijftig jaar antikoloniale strijd
03390,,,Orde\, rust en veiligheid : de operatieve taak van 6 RS
03392,,,De vergeten dagboeken
03393,,,Hij ging\, kwam terug en keerde weer
03394,,,Herinneringen van een Roodborstje : verhalen uit de periode 1947-1950 doorgebracht bij het 4e bataljon 5e Regiment Infanterie op Oost-Java in het voormalige Nederlands Oost-Indie?
03395,,,Het reizende bataljon : herdenkingsboek 8 RS
03396,1945,,Als de natuur zwijgt
03397,,,Retour Djocja : verslagen en herinneringen aan het 426e Bataljon Infanterie (6-4 R.I.)\, 1949-1950
03398,,,Op de plaats rust
03931,,,Uw jongens : onbaatzuchtig jegens de bevolking\, ridderlijk jegens de eerlijke vijand\, mens jegens de krijgsgevangene
03402,1997,,Orde en vrede' : de humanitaire/militaire missie in Nederlands Oost-Indië 1945-1950
03403,,,De houding van de Nederlands soldaat in de tropen
03404,,,Indonesië op het tweede gezicht : een laat weerzien met terugblikken naar toen
03399,,,Herinneringen : memoires van een christen\, militair en politicus
03405,,,50 jaar na dato\,' 1946-1996
03400,,,Voor ik het nooit vergeet : herinneringen van een 4-2 R.I'er op Noord-Sumatra : gebaseerd op dagboekaantekeningen over de periode van 7 november 1946 tot en met 24 februari 1950
03406,,,Officieren onder de Indie?-veteranen zijn geneigd de wandaden van toen op de KNIL-soldaten af te wenden
03401,,,Koninklijke Olie in Indie? : de prijs voor het vloeibaar goud 1939-1953
03803,,,Op erewoord... : oorlogsherinneringen van een marineman
03407,,,Mannen die niet deugden : een oorlogsverleden
03408,1920,,Onstuitbaar
03409,,,Thuisreis van het 3e bataljon Stoottroepen met het M.S. Kota-Inten\, Tandjong-Priok/Rotterdam
03410,,,Militaire politie in Nederlands-Indië 1945-1951
03411,,,De Indie?gangers : over de in de jaren 1945-1950 uit Hardinxveld en Giessendam uitgezonden militairen in de oorlog met de Republiek Indonesie?
03412,,,Vertel het je kinderen\, veteraan!
03413,1925,,Naar eer en geweten
03414,,,Herinneringen = Memoirs
03415,,,De wedergeboorte van het Vliegveld Pakan Baroe tijdens en na de tweede politionele actie
03416,,,De grote patrouille : belevenissen van het bataljon 5-4 R.I. in Zuid- en Oost-Borneo\, Zuid-Sumatra en Oost-Java in de jaren 1947\, 1948\, 1949\, 1950
03417,,,En weer werd de vijand verslagen' : dagboek Hein Peeters\, Tjipanas 21 juli 1947 : de Baarlose jongens in Indie? 1945-1950
03418,1946,,Levenslang op patrouille
03419,,,Hallo\, hallo\, hier zijn we weer ... : Henk Wieringa in Nederlands-Indie? (1946-1949)
03420,,,Zeemilicien bij de Mariniersbrigade
03421,,,Naar de Oost : oorlogsvrijwilligers naar Nederlands Indie? 1945-1948
03422,,,Gedenkboek oud-Indie?gangers gemeente Dalfsen 1945-1950
03423,,,De hemelse kwartiermaker : brieven van een jonge Maastrichtse oorlogsvrijwilliger aan zijn thuisfront\, 1945-1947
03424,,,Escadrons-order
03425,,,Verhalen van toen : Regiment Stoottroepen 50 jaar
03426,,,Soldaat in Indie?\, 1948-1950\, 5-8-RI
03427,,,Na vijftig jaar : dagboekherinneringen van een soldaat in Indie?\, 1949-1950
03428,,,2046 : 7de A.A.T. Compagnie O.V.W.-ers
03429,,,"Soldaat E. Kerkdijk : registratienummer 25.12.12.159
03430,,,Portret mozaik spandrich Bonnet : Belanda - Indonesia - Belanda = Portret in mozaiek van soldaat 1e klas Kees Bonnet : Nederland - Indonesie - Nederland.
03431,,,Een stilte die spreekt : herdenken in diversiteit
03432,1949,,De laatste patrouille
03433,,,De rijst is al pap geworden : Indie?-veteranen vertellen hun verhaal
03434,,,Gezagsgetrouw : van buitenpost naar... buitenpost
03435,,,Mijn leven : autobiografie
03436,,,Born under a lucky star : an autobiography
03437,,,De laatste patrouille' : episode 1946-1950\, Midden-Java
03438,,,Dikke zoen voor Moeke : brieven van een soldaat in Indië 1949-1950
03439,,,432 - B.I. opdat wij niet vergeten 7 - 1 R.I.
03440,,,Spinninghe : Sevenumse Indie?gangers\, de vleegende Piee?lhaas
03441,,,Logboek 1-41 RVA : verhalen en wetenswaardigheden
03442,,,Vo?o?r de mast! : herinneringen en lotgevallen van een schepeling-monteur bij de Koninklijke Marine 1913-1960
03443,,,Dagboek van het 5e Bataljon Garde Regiment Prinses Irene vanaf de aankomst in Nederlands-Indie? op 23 dec. 1947 tot het vertrek uit Indonesie? op 25 april 1950
03444,,,Voor orde en vrede
03445,1945,,De prijs van de macht
03446,,,Twee maal oorlog : ervaringen van de Indie?-veteranen uit de gemeente Bemmel die na de Tweede Wereldoorlog werden uitgezonden naar het toenmalige Nederlands Oost Indie?
03447,,,Uust me?
03448,,,Kempische militairen in de Oost : herinneringen aan Nederlands-Indie? en Nieuw-Guinea
03449,1946,,Op patrouille in blessuretijd
03450,,,De Haantjes in vogelvlucht : het Veluwebataljon I-8 R.I. in Indië\, 1945-1948
03451,1948,,Het dagboek van een gesneuvelde soldaat
03452,,,Indië-veteraan ben je levenslang
03461,,,Tussen eskadron en squadron : beknopte autobiografie van een oorlogsvrijwilliger
03470,,,Een Zandbergse jongen : Indisch dagboek 1946
03805,,,Terug van weggeweest : herinneringen aan een plaatsing op het Marinevliegkamp Morokrembangan bij Soerabaja 1947-1949
03453,,,Logistiek onder de tropenzon : de verzorgende diensten van KNIL en KL in Nederlands-Indië\, 1946-1950
03454,,,1-15 R.I. De Blijvertjes : onbewust voorloper van de Luchtmobiele Brigade
03455,,,Het 6 ARVA Squadron in Nederlands-Indie? 1946-1950 : persoonlijke herinneringen en indrukken van hen die er bij waren
03456,,,Indië blijft ons bezighouden
03457,,,Camouflagepak\, politiepet en narrenkap
03458,,,Het 425e Bataljon Infanterie [I - VI] : [herinneringen aan de tropen ...]
03459,1923,,Een bevlogen avontuur
03460,,,Geliefde ouders en verdere familie! : brieven van Indiëganger Maarten Schaafsma
03462,,,He-j doar nog vocht'n? : herinneringen aan zijn tijd in Nederlands-Indie?
03463,,,De Limburgse Jagers\, 1813-1950-1995 : Limburg en zijn regiment : de geschiedenis van het Regiment Limburgse Jagers en zijn stamregimenten in de periode 1813-1995
03464,1925,,Een takkenbos kan men niet breken
03465,1945,,Uit het marineleven gegrepen
03466,,,Een Indonesie? weigeraar vertelt zijn verhaal : Jan Maassen over strijd en gevangenschap
03467,,,Respect en erkenning : veteranen Schaijk-Reek in Nederlands-Indie? 1945-1950
03468,1945,,Indië vergeet je nooit!
03469,,,Twee jaar tropendienst : de beknopte vorm een overzicht van de 2 jaren\, welke wij nu in de tropen hebben doorgebracht en de viering van dit 2-jarig bestaan
03471,,,Wij van de 4e Hulpverbandplaats Afdeling : herdenkingsboek van de 4e Hp.V.A.
03472,,,Indie? bepaalde ons leven
03473,,,Is het zo?o? ...? : een woord over onze militairen in Indie?
03474,,,Makassar vierde feest : fragment uit een soldatendagboek : 23 Aug. - 7 Sept. 1948
03475,,,Saboteur\, partizaan\, stoottroeper
03476,,,Op vleugels in hoger sferen : een vliegers-odyssee
03539,,,"Gebeurtenissen uit \Het dagboek van Roel\"" : mede bestemd voor zijn maatjes die altijd stand-by waren en voor hen die er zich betrokken bij voelen /"""
03477,,,Westereenders in Indie?
03478,,,Onhoorbaar groeit de padi : front-soldaten in een verloren oorlog : Indonesie 1948-1950
03479,,,Indonesie? als eindstation : met het vergeten leger in Indie?
03480,1925,,Een palmboom droom
03480,,,Eens marinier altijd marinier : een leven vol afwisseling en avontuur : Qua Patet Orbis 1940-1972
03540,,,Beesd\, Indie? 1938-1951
03482,,,Bij de inlichtingendienst op Midden-Java
03483,1918,,Op weg naar de ondergang
03484,,,II 10 R.I.\, 1945-1949.
03485,,,Bestemming Tapanuli : horas!
03486,,,Nou\, tabee dan\, ik groet je... : wetenswaardigheden van een vijfjarig verblijf in Indië 1945-1949
03487,,,De geschiedenis van de 5e Genie Veldcompagnie\, 1946-1949 : Nederland - Engeland - Java
03488,,,37 A.A.T. : een jaar in de tropen\, 20 februari 1949
03541,,,KP'er in Zeist en oorlogsvrijwilliger in Nederlands-Indie? : herinneringen uit de jaren 1943-1950 van Kees Klijn
03542,,,Klein Nederlands soldatenboek : eerder aangekondigd als Groot Nederlands soldatenboek
03543,,,De geschiedenis van de naar Oost en West uitgezonden militairen uit de gemeente Broekhuizen\, 1945-1950\, 1950-1962
03489,,,Den Dungen in Nederlandsch Oost-Indie?\, 1946-1951
03490,,,15e Genie Veld Compagnie : 30 juni 1947-29 juni 1950\, geschiedenis van een dienstplichtig soldaat
03491,,,Duizend dagen Indië : het dagboek van Jan van Trigt 1945-1948
03492,,,Leven in twee werelden : met het vergeten leger in Indië
03493,,,Van infanterist tot radiomonteur : herinneringen van een Friese dorpsjongen aan zijn diensttijd als dienstplichtig militair in het voormalig Nederlands-Indie? 1947-1950
03494,1948,,3-41 R.V.A. in de tropen
03495,,,De stilte voorbij : het verhaal van Albert Scheer
03544,1947,,Mijn reis door drie jaren dienstplicht (1947-1950)
03545,,,Onze joo?s in de tropen 1945-1950
03546,,,Kemphanen : herinneringen aan 2-3-12 R.I.
03496,,,Indië blijft onze denkwereld : met het vergeten leger in Indië
03497,,,Aan de wieg van de marva en de beginperiode van haar bestaan : schetsen uit de geschiedenis van de Marine Vrouwen Afdeling van 1944-1950
03498,,,Opdracht uitgevoerd : een verhaal over de Tweede Wereldoorlog die voor de Nederlandse jongens 10 jaar duurde
03499,,,Agent in Indië : dagboekbrieven van een MP'er (1949-1950)
03500,1940,,Van de polder naar de sawa
03501,,,Urker volksleven
03502,,,Sterren stralen overal : zoektochten naar vroeger : (Nederland-Indonesië-Nieuw-Zeeland: 1940-1994) : een persoonlijke geschiedenis
03503,,,Brandlucht en bloedspoor : dagboek van een Indiëganger
03504,,,Nederlands-Indië 1946-1949 : brieven van een Nederlandse soldaat
03505,,,Eindelijk erkenning : met het vergeten leger in Indië
03506,,,Er stond een skelet op wacht
03552,2005,,Dienstbaar in gelatenheid : over verwanten : het archief Theo Barten
03553,1938,,Mijn verhaal
03554,1945,,3-3 R.I. korpsgeschiedenis
03555,,,Gedenkboek tweede miltrailleur-bataljon 1947-1950
03556,,,Twee broers\, twee luitenants in Indië : verslag van de militaire diensttijd van de broers Frans en Ted Hazekamp in England en Nederlands Oost-Indië 1945-1950\, met de kwartierstaten van hun ouders: Hazekamp-van der Donk\, Wellink-Wagenaar
03557,2008,,Toen had je de politionele acties : maar zonder 5-2 RI : 5-2 RI\, 1947-1950: Nijmegen\, Celebes\, Java\, Sumatra\, Borneo : een beknopte geschiedenis van het bataljon 5-2 RI tegen de achtergrond van het Nederlands-Indonesisch conflict aan de hand van de belevenissen van soldaat eerste klas Nico Messing
03558,,,Qua patet orbis
03559,,,Onze kamelenbrug : 3e peoloton\, 10e genie veldcompagnie\, 2e divisie 1946\, 519.
03560,1938,,Berchse saldaote in Indië
03507,1928,,Soldaat zonder franje
03508,,,Een man van Sta-Vast : de inzet voor vrijheid en veiligheid
03509,,,Vaarwel\, kameraad! : met het vergeten leger in Indie?
03510,,,1-1 R.I.
03511,,,Herinneringen aan de 42e Zibva
03512,,,Onze tijd in de Oost : een kittbag vol herinneringen : het reisdagboek van veteraan Geu Meulenbroeks gedurende de vredesstrijd in Oost-Indonesië.
03513,,,1940-1950 : 10 onrustige jaren.
03514,,,Leven gaat verder : geleefde geschiedenis van Ton van Essel in de periode van 1917 tot 1962 : een autobiografie
03515,1947,,Drie warme jaren
03516,,,Het oerwoud beangstigt mij! : dagboek van een dienstplicht
03806,1945,,Wij werden misleid
03517,,,De marsroute van 1-11 R.I.
03518,,,Staphorster militairen in de tropen
03519,,,Klappermelk & klompen : veteranen vertellen over Nederlands-Indië en Nieuw-Guinea
03520,,,Onze Arie is dood : een kleine geschiedenis\, een menselijk document
03795,,,De herinneringen blijven : Indonesie? 1945-1950
03521,,,Verhalen van veteranen : gesprekken met veteranen
03522,,,Eens een marinier\, ... : levensflarden
03807,,,Hospik op patrouille : mijn diensttijd van 1 juli 1947 - 1 juli 1950
03523,,,Polderjongens tussen de Sawa's : militairen uit Groot-Ammers\, Nieuwpoort\, Langerak en Streefkerk in Nederlands-Indie? 1945-1951
03524,,,Mijn Ruiters : ervaringen als commandant van het 4e Eskadron Pantserwagens\, Huzaren van Boreel\, tijdens de politionele acties (1947-1949) in toenmalig Nederlands-Indië
03533,,,Met de stoottroepen naar Indie : dagboeknotities van veldprediker J.C. Koningsberger
03532,,,Daar woonde mijn huis en daar sliep mijn bed : het verhaal over mijn diensttijd in Indië (1947 t/m 1950)
03531,,,Mijn oorlog\, mijn hart
03530,,,Nooit vergeten\, djangan lupa : een geschiedenis van de jongens uit Puiflijk\, Horssen\, Druten\, Deest en Afferden in Indië en op Nieuw Guinea tussen 1945 en 1963
03529,,,Historische reeks Land van Heusden en Altena
03528,,,Indiëgangers : verhalen van Nederlanders die naar Indië trokken
03561,,,"Bataljons Beton : O.V.W. Bataljon 1-3 R.I. \De Watermannen\"" 1944-2004 /"""
03562,,,"Over Unentse soldaten overzee : \Den Vaderlant Ghetrouwe\"" in Nederlands-Indie 1945-1950 /"""
03563,,,Uit het dagboek van een Stoter
03564,,,Heen en weer : 1945-1948
03565,,,Oost-Java : gedenkboek der 4e Infanterie-Brigade
03566,,,Brieven uit Indie
03567,,,Oorlogen en vredesmissies : ervaringen van Nederlandse veteranen 1940-2010
03568,,,Tempo Doeloe : Hardenbergers en Indie?
03569,,,Indonesie en de Nederlandse aanwezigheid\, 1946-1949 : enige persoonlijke kanttekeningen
03570,1927,,Een geluksster als begeleider in Nederlands-Indië
03571,,,De jongens van 'Toedjoe Poeloe Doea' : herinneringsalbum van het Bataljon 3-14 R.I.\, 3e Infanterie Brigade Groep\, 1 Divisie '7 December'\, West-Java 1946-1950
03572,,,Tropen jaren : Cranendonckse jongens in Indie? en Nieuw-Guinea\, 1945-1962
03573,,,Zomaar wat herinneringen aan mijn verblijf in Nederlands-Indie?
03574,,,Mariniersbrigade : uitgereikt ter gelegenheid van de herdenking 50 jaar Marbrig : 20 april 1994 van Ghent-kazerne Rotterdam
03527,,,De belevenissen van onze gemobiliseerde verwanten\, verzetslieden en de oorlogsvrijwilligers 1939-1950
03526,,,Achter de berg lag de toekomst : momentopnamen vanuit de 1e Hupva Infanterie Brigade Groep\, C Divisie 7 December
03525,,,Olie en vuur op de golven : het enerverend verhaal van een beroeps-marineman vo?o?r\, tijdens en na de Tweede Wereldoorlog 1938-1970
03547,,,Het was slechts oorlog : 15 interviews met oude en jonge Friese veteranen
03538,1926,,Van kloosterbroeder tot Toewan Besar
03548,,,Piet Kuyvenhoven en zijn tijd in het verzet en in Nederlands-Indië (1945-1948)
03549,,,Veghelse militairen in Indonesie? : periode 1945-1950 : onze jongens uit Veghel\, Eerde\, Mariaheide\, Zijtaart in Nederlands Oost-Indie?
03702,,,"\Hier is alles nog rustig\"" /"""
03537,,,Tabee sobats! : DAMETIN\, meer dan een terugblik.
03536,,,Indonesia 1945-1948 : a Dutch soldier's diary
03550,2000,,Needse jongens overzee : belevenissen van Needse militairen in Nederlands-Indie? in de periode 1945-1950
03796,,,Giovanni Hakkenberg : mens en marinier
03551,,,De sobats van Co Groen' : 43 Genieveldcompagnie in Nederlands-Indië 1949-1950
03535,,,Omstreden paradijs : ooggetuigen van Nederlands-Indië
03534,,,De Soldaat achterna
03575,,,Militairen uit Heeswijk\, Dinther en Loosbroek in Nederlands-Indie? en Nieuw-Guinea\, 1945-1962
03576,,,Indië moet vrij : mijn bewogen jaren als oorlogsvrijwilliger in Nederlands Oost-Indië\, 1945-1948
03577,,,Varen door mijn herinneringen : het leven van dolle Dries
03621,,,Het laatste grote gevecht in Indië : tweeduizend guerilla's vallen Solo aan 7-10 augustus 1949 : wat voorafging\, strijd\, politieke implicaties en het optreden van de commandotroepen\, aangevuld met informatie uit Indonesië
03622,,,Was het dit wel waard? : getuigenissen van een soldaat in Nederlansch-Indië
03578,,,Dagboek van Wim Buiting : 03-02-1927 - 22-05-1949 : pionier van 5-5 R.I. : geschreven vanaf zijn aankomst in Indië op 12 januari 1948 tot 20 april 1949.
03579,,,Pancrassers onder de wapenen in de tropen\, 1946-1962
03580,,,Pa\, vertel 's over je tijd in Indië! : dagboekaantekeningen Indië 1946-1949
03581,,,Deze herinnering wil ik bewaren...' : gedenkboek van de Deurnese militairen in Ned. Indie? en Nieuw-Guinea in de periode 1945-1962\, uit Deurne\, Liessel\, Neerkant\, Helenaveen\, Vlierden en Zeilberg
03582,,,Een zoektocht naar Jan de foerier : een gewone Steenwijker in de Oost
03620,,,Inzet van de Berlicumse militairen in Nederlands-Indie? 1945-1950
03583,,,Pa Koppijn : de geschiedenis van een Jordaanse jongen die naar Nederlands-Indië ging
03584,1950,,Avonturen en gevolgen
03585,,,Indie?-gangers uit Ootmarsum vertellen!
03586,,,De oorlog van mijn vader : militaire dienstplichtjaren op Midden-Java in voormalig Nederlands-Indië van maart 1948-april 1950
03587,,,2-6 RVA gedenkboek : aangeboden op de 15e reu?nie\, 9 april 1999
03588,,,"\Contact\"" tussen Beeg en onze Jongens in Indie? /"""
03589,,,Lieve Gerda : een getekend dagboek van een Nederlands-Indië veteraan 1948-1950
03590,,,De soldaat onder een klapperboom : herinneringen aan mijn tijd als militair in voormalig Nederlands Indie?
03591,,,Teken en zie de wereld : oorlogsveteranen in Suriname
03610,2011,,Ons Indië : Gorcumse herinneringen
03611,,,"Van burger tot veteraan : bataljon \Zeeland\"": hoe en waar? in de periode 1944-1948 /"""
03612,,,"Beilers in Nederlands-Indie : 1945-1950 : \we hebben hier goed werk gedaan!\"" /"""
03983,,,De laatste man : een herinnering
03613,,,We missen e?e?n man : zestien eigenzinnige verhalen van veteranen
03614,,,Mijn oorlog' : in Europa en Azië\, 1940-1948
03615,,,Spoorloos : 'dag pap'
03616,,,Moed moet : verslagen van Nederlandse veteranen\, van Nederlands-Indië tot Uruzgan
03592,,,Dagboek van een ARVA vlieger in Nederlands Indië : de opleiding en de operationele missies van ARVA vlieger Gerard Burgers
03593,,,Tidak Bicara : niet over praten... niets zeggen... zwijgen...
03804,,,Ik zou nog eens willen weten... : verhalenbundel voor onze (klein)kinderen over onze jaren in de tropen\, 1947-1965
03617,,,Bijna vergeten: Mechelse jongens gingen naar Indië : gedenkboek
03618,,,De kist : het levensverhaal van The? van de Locht.
03619,,,Voor vorstin en vaderland : de keerzijde der medaille
03594,2010,,Zij gingen voor orde en vrede
03595,,,De Mariniersbrigade
03596,1949,,De laatste lichting
03802,,,Over een oorlog die niet nodig was : Indie?veteranen vertellen : dienstplichtige militairen uit Hem en Venhuizen in Nederlands-Indie? van 1945 tot 1950
03597,,,Eerbetoon aan onze jongens in Oost-Indie?\, 1945-1951 : gemeente Weerselo
03598,,,En ons moeder skru?wde... : Gemertse jongens als militair in Indonesie? en Nieuw-Guinea 1945-1962
03599,1945,,Een Hollandse jongen in Indië
03600,,,Nooit meer thuis : Nederlands-Indie? 1934-1948
03601,,,Van Amersfoort naar Batavia' door 4-8 R.I.
03602,,,Bestemming Soerabaja : een verzwegen verleden in Nederlands-Indie?
03603,,,Indie? 1947-1948 : een prachtig land in oorlog
03604,,,Recht doen : Bataljon Friesland vertelt over Nederlands-Indië 1945-1948
03605,,,Veldhovense jongens in Nederlands-Indie? en Nederlands Nieuw-Guinea 1945-1962
03606,,,Herinnering Indie?-Veteranen Laarbeek 1973-1998 : [hoe is het ons vergaan in en na onze tropentijd]
03607,,,Hop en palmen : herinneringsboek van Schijndelse militairen in Nederlands-Indie?\, 1945-1950
03608,,,Rien van Rixtel : Wachtmeester der Koninklijke Marechaussee\, Indie? veteraan : 1948-1950\, ingedeeld bij het Korps Militaire Politie op Java
03609,,,1947 - 1997 5-5 R.I : herinneringsboek
03623,1989,,Verloren strijd met een verdwijnende achtergrond
03624,1991,,Vertel nog eens over de oorlog : oorlogsherinneringen van een onderwijzer
03625,1992,,Het is waar: maar je moet het niet geloven'
03982,,,Soldaat overzee : Indonesie? zoals wij dat zagen! : een fotoboek
03626,1988,,Een stem uit het veld : herinneringen van de ritmeester-adjudant van generaal S.H. Spoor
03981,1955,,Belevenissen van een landstormsoldaat gedurende en na afloop van de Tweede Wereldoorlog
03627,1990,,Eelder jongens in Indie? 1945-1950
03628,1992,,Noorderlicht op Midden-Java : gedenkboek 403e bataljon infanterie\, 1948-1950
03629,,,Notities van een soldaat : het dagboek van soldaat A.A. van der Heiden
03630,1994,,Dagboek van een oorlogsvrijwilliger
03631,1994,,Belevenissen van een stormpionier : 15 juli 1946 - 19 april 1950
03632,,,9 februari : vulneratus nec victus\, gewond maar niet verslagen
03633,1995,,Doorbraak naar het onvoltooid verleden : autobiografie van een sergeant van het v.m. Koninklijk Nederlands Indisch Leger tijdens de Tweede Wereldoorlog tegen Japan
03634,,,Herinneringsboek der 14e Genie Veld Compagnie januari 1948 tot juni 1950
03635,1995,,Vijftig jaar 'Merdeka' : in gesprek met Indonesie?rs en Nederlanders
03636,1986,,Retourtje Indie?
04000,1995,,Een kwestie van kiezen
03637,1995,,Zeg\, Hollands soldaat... : gebaseerd op originele brieven en rapporten van Indie?-soldaten van het voormalige 425e Bataljon Infanterie in de periode 1949/1950 op Midden-Java
03638,,,Ons Indie?
03639,1947,,5e Cie 4e Bataljon 11e Regt. Infanterie
03640,1947,,3e Cie 4e Bataljon 11e Regt. Infanterie
03641,1994,,1e Cie 4e Bataljon 11e Regt. Infanterie : uit het dagboek van een soldaat van de 1e Cie
03642,,,Herinneringen aan 43e Z.V.E.
03643,1995,,Gevallenen uit Friesland in Nederlands-Indie? : het vergeten leger 1946-1950
03645,1974,,Herinneringen van een vrijheidsstrijdster
03644,,Fibula-Van Dishoeck,"Generaal in Nederland
03808,,,Mijn me?moires ....
03646,1961,,In de greep van Soekarno : achtergronden van een proces tegen een Nederlander
03801,1982,,Westerling\, 'de eenling'
03647,1947,,Duizend dagen
03648,,,De verzwegen oorlog : dagboek van een hospik in Indië 1947-1950
03649,1989,,IJsbloemen en witte velden : Ger V. en een spoor van geweld
03650,1989,,Vogels over de Lembangweg
03797,,,Mijn Indische mariniers jaren : naar herinneringen van B.J. van Gils
03651,1989,,Brieven uit het veld : het vergeten leger thuis
03692,1985,,Het vreemde leger
03652,1990,,Brieven uit Indië 1946-1949
03653,1962,,Namen noemen : zo maar wat ongewone en openhartige herinneringen aan het leven in het verloren paradijs\, dat Nederlands-Indië heette 1939-1947
03654,,,Dan liever de lucht in : herinneringen van een marinevlieger
06005,1983,,Allen zwijgen
03655,1992,,Terug naar Java : in het spoor van politionele acties
03656,,,Bersiap : Nederlands-Indonesische verhalen
03657,1994,,Wah........man : het enige echte tweede legerdarisch kookboek : verhalen en Indonesische (magnetron) recepten
03798,,,Mariniers in aktie op Oost-Java : met zware marsbepakking
03659,1976,,Morotai : de bevrijding van de Grote Oost en Borneo (april 1944-april 1946)
03658,1993,,Van huis en van haard naar het land van de Tokke?hs : Indie?-dagboek '46-'49-'92
03660,,Roorda\, Stadskanaal,"De lange weg
03661,1980,,Daar werd iets grootsch verricht'\, of Hoe het Koninkrijk der Nederlanden zijn grootste kolonie verloor
03662,1987,,De hinderlaag bij Sindoeradja : militaire acties op Java\, 1948-1950
03663,,,Verborgen dageraad : Nederlands-Indie? en Zuidoost-Azie? na de Japanse capitulatie\, 1945-1947
03664,1989,,Ned. Indië 1940-1950 in kort bestek : en enkele gevolgen\, o.a. de coup-Westerling en het Zuidmolukse verzet
03677,1972,,Een Ereschuld ingelost : opgedragen aan allen die in en voor het voormalige Nederlands-Indië hun leven verloren : tot stand gekomen op initiatief van het 'Comite? 15 augustus 1970'
03665,1947,,Ik zal handhaven' : extra foto-editie acties Oost-Java\, 21 Juli t/m 4 Aug. 1947.
03666,1992,,4-2 R.I. : een bataljon op Noord-Sumatra 1947\, 1948\, 1949.
03693,1949,,Ter herinnering 3 jaar U Brigade : 2 maart 1946-1949
03694,1993,,Het Indische trauma : is Nederland eindelijk rijp voor de waarheid?
03667,1993,,Tahoen 2 jang soedah loepa : de vergeten jaren\, Twentse jongens in Nederlands-Oostindië en Nieuw-Guinea 1942-1962
03668,1993,,De Limmer soldaten in Nederlands Oost-Indie?
03696,1947,,Blubber
03697,,,Laatste acte : een cocktail van soldatenleven en politiek in Indonesië
03698,,,Gesprek met de generaal : [S.H. Spoor]
03699,1940,,Diogenes in de tropen
####,,,Bandjir over Noord-Sumatra
03669,1958,,Onthullingen van achter het bamboegordijn
03678,1951,,Awas 515 : herinneringen aan de zwerftochten der 6e Genie-Veldcompagnie verteld door verschillende leden van dit onderdeel
03700,1948,,Wat gebeurt in Indonesië?
03701,1946,,Van toneelclub tot ere-fronttroep
03670,1946,,Onze jongens overzee
03679,1991,,Tjampoer mareche?plisie : het Korps Militaire Politie/Koninklijke Marechaussee in Nederlands-Indië 1945-1951
03671,1950,,Gedenkboek 5-11 R.I.
03672,1952,,Front op Java : mijn diensttijd in Indonesie? 1947-1950
03680,,,Djocjakarta\, 19 december 1948 : de militaire zuiveringsacties van Nederlandse eenheden in en bij Djocjakarta bij aanvang van de tweede politie?le actie
03695,1950,,Ons eskadron : gedenkboek van het derde Eskadron van de tweede Afdeling Regiment Huzaren van Boreel\, maart 1947-april 1950
03704,1953,,Mijn diensttijd bij de 3e compagnie
03686,1948,,Een bataljon trok voorbij : de belevenissen van een O.V.W.-bataljon 1944-1948 : 1-3 R.I.\, 1e bataljon 3e Regiment Infanterie
03687,1986,,Tussen goenoeng en guerilla (tussen berg en vrijheidsstrijd)
03688,1986,,We hebben het samen beleefd' : 40 jaar 9e afd. veld artillerie\, 1946-1986
03689,1950,,5e ESK. VEW. - 1e ESK. PAW. : 1947-1950
03673,1979,,Binnen 20 minuten gereed : het 6e eskadron vechtwagens KL/KNIL\, 1947-1950\, LTD 716/III
03681,1950,,Orde & vrede : tien verhalen van 1.R.S. in Midden-Java
03682,1949,,Wij trokken naar Solo : een verzameling van schetsen en herinneringen uit de troep tot en met de overdracht van Solo
03683,1948,,Gedenkboek uitgegeven ter gelegenheid van het twee jarig bestaan van het 6e Eskadron Pantserwagens Regt. Huzaren van Boreel
03684,1983,,Toen de tjitjak riep : belevenissen van een bataljon oorlogsvrijwilligers in Nederlands Oost-Indie van 1946 tot 1948
03685,1991,,Terugblik 1991-1941 : [korps Adelborsten]
03674,,,Een nieuw begin.
03675,1950,,Borneo strijders : fragmenten uit de diensttijd : 3-5-4 R.I.
03676,1949,,Om nooit te vergeten
03799,1950,,Pioniers overzee : de geschiedenis van het Bataljon Genietroepen van de Eerste Divisie '7 December' ('C' divisie)\, 1945-1950.
03690,1991,,Kroniek van het eerste bataljon jagers ovw 1945-1948 : jagers en jagerslatijn
03691,1950,,Gedenkboek militaire luchtvaart Medan.
03703,1950,,Commando luchtvaarttroepen : Tjililitan\, Kali-Djati\, Andir\, Kali-Banteng\, Panasan : 10 september 1947 - 24 maart 1950.
03705,1949,,Herinnerings-album van de Verbindingsafdeling 7 December-Divisie
03706,1989,,Wij\, de jongens overzee
03748,1985,,Foto-herdenkingsboek van Het 3e Eskadron Pantserwagens regiment Huzaren van Boreel.
03749,1949,,Van Preanger naar Bantam : jubileumuitgave van het 3e Bataljon\, ter gelegenheid van het 120-jarig bestaan van het Garderegiment Jagers
03750,1948,,Strijd en opbouw : jubileumuitgave van het 3e Bataljon ter gelegenheid van het 119-jarig bestaan van het Garderegiment Jagers
03707,1948,,De intieme oorlog : onze jongens in Indie?
03751,1977,,De onzalige erfenis van het KNIL
03708,1948,,Friesland was hier : de lotgevallen van 1-9-R.I. Bataljon Friesland\, 1945-1948
03752,1988,,De geschiedenis van de 1e Infanterie Brigade Werkplaats 87 in Engeland\, Nederland en Indie\, 1945-1949
03753,1989,,Ons dagboek 1946-1950 : 2e peloton\, 10e genie veldcompagnie
03754,1988,,De geschiedenis van de 4e Genie Veldcompagnie van 1946 t/m 1949
03709,1950,,Tussen Assen en Lahat : 4de bataljon\, 4de regiment infantrie\, mei 1947 - februari 1950
03710,1950,,Dagboek van het 3e peloton\, II-II regiment Huzaren van Boreel.
03755,1949,,Politionele actie 1948 : Ve Bataljon Infanterie\, 'W' en 'T' Brigade
03711,1925,,Genist tot in de kist
03712,1993,,Nacht over de rimboe : verslag uit het dagboek van Toon Nieskens bijgehouden tijdens zijn diensttijd in Indonesie?\, vanaf zijn vertrek op 12 november 1947 tot zijn terugkomst op 1 juni 1950.
03756,1949,,Een jaar in de tropen\, 4 Augustus 1948-1949 : het werk en leven van 6 R.S. in woord en beeld.
03713,,,"\Desnoods te voet\"" : een fotoreportage van de zuiverings-acties ondernomen door de Mariniersbrigade 19 Dec. - 31 Dec. 1948 /"""
03800,1993,,Tienduizend vrije vogels : oorlogsvrijwilligers bij de Koninklijke Marine 1944-1950
03714,1990,,Wilskracht na de pijn
03757,1993,,Slavenwerk : een openhartig relaas van een Indie?-compagnie\, Java 1946-1949 : de kronieken van 'Compie Lima'
03758,1989,,4e afdeling veld artillerie : van Oldebroek tot Oldebroek
03715,1950,,Gedenkboek 4-1 RI : mei 1947-feb' 1950
03716,1994,,Losse flodders 2-12 R.V.A. : artillerie herinneringen Midden-Java '47-'50
03717,1950,,Compiesboek : enkele belevenissen uit de Indie?-periode\, opgetekend door de jongens van 2-V-10 R.I.\, 28 januari 1948-15 mei 1950.
03718,1950,,2e Genie Park cie te Bandoeng\, Batavia\, Semarang\, Purwokerto\, Tegal\, Djockja\, Solo en Magelang : 1947-1950
03759,,,Een beknopt overzicht van de geschiedenis van 4-2 R.I.
03779,,,De hitte van de dag : onze soldaten in Indonesie?
03789,,,Kerels van de daad : onze oorlogsvrijwilligers in Malakka en Indië
03780,,,Met vlaggen van top : verrichtingen der Koninklijke marine in de Nederlandsch-Indische wateren voor herstel van orde en vrede van 1945 tot 1948
03781,,,Memoires van C.E.L. Helfrich\, luitenant-admiraal b.d
03782,1945,,Met onze mariniers naar Indië
03783,,,Spoor\, onze generaal
03784,,,Soldaat in Indie? : dagelijkse belevenissen
03785,,,Op inspectie
03786,,,Militair kookboek voor het Koninklijk Nederlandsch Indisch leger
03790,,,Gedenkboek ons aller belang : 1902-1952.
03787,,,Oom Ambon van het K.N.I.L
03791,,,Tussen sawahs en bergen : het leven van de soldaat in de Tijger-brigade
03792,,,Van Arnhem tot de Poentjak : herinneringen aan het 412e bataljon garde-regiment Prinses Irene : Nederland-Indonesie?\, maart 1948-augustus 1950
03793,,,Rond Smeroe en Kawi : gedenkboek van het vierde bataljon vijfde regiment infanterie
03794,,,Wij werden geroepen : de geschiedenis van de 7 December Divisie\, met zweten en zwoegen geschreven door twintigduizend Nederlandse mannen
03788,,,Vademecum der U-Brigade : uitgegeven ter gelegenheid van het tweejarig bestaan\, Padang maart 1948.
03760,,,"Herinneringsalbum 1e Infanterie brigadegroep C divisie \7 December\"" /"""
03719,1980,,Belevenissen van een K.N.I.L.-officier in de periode 1942-1950 : militaire ervaringen vo?o?r en bij politiële akties
03720,1981,,Het Derde : belevenissen van een infanterie-peloton op Zuid-Sumatra 1947-1950
03721,,,De bevrijders van Tangerang.
03724,1950,,Soldaten willen vrede
03725,1952,,Gedenkboek I-4-R.I. : De belevenissen van 'De valken' in de jaren 1945 - '48
03726,,,7e Afdeling Veldartillerie 1946 - 1949
03727,1954,,Onze mariniersbrigade (1945-1949) : een veelbewogen episode in de korpsgeschiedenis
03728,1986,,De heren worden bedankt : met het vergeten leger in Indie?\, 1949-1950
03729,1980,,Een mijlpaal in ons leven : herinneringen van Nederlandse militairen in de tropen
03761,1961,,L.I.B.'s in de tropen : een overzicht van het verblijf van onze oorlogsvrijwilligers bij de lichte infanteriebataljons in het voormalige Nederlands-Indië\, 1945-1949
03762,1950,,Zo was het : Gedenkboek 3-5-R.I. 1946-1950
03763,1951,,1e Bataljon\, 5e Regiment Infanterie : gedenkboek 1945-1948.
03764,1949,,Het eerste eskadron pantserwagens\, Regiment Huzaren van Boreel : 10 Januari 1946 - 22 October 1949.
03765,1951,,Tiga doeabelas : gedenkboek 3-12 r.i.
03766,1951,,402 Bataljon Infanterie
03767,1999,,Het Andjing Nica Bataljon (KNIL) in Nederlands-Indie? (1945-1950)
03730,1988,,Wij waren ingedeeld bij het 4de Bataljon Garde Jagers op Oost-Java en Madoera : onze belevenissen in de jaren 1946-1950 op Madoera en in Oost-Java
03768,1988,,Ada goela\, ada semoet : de 3e Geneeskundige Afdeling in Eibergen en de 6e Hulp Verbandplaats Afdeling op Sumatra
03722,1988,,De belevenissen van een reserve-officier in vrede en oorlog
03731,1989,,De Indonesie?-weigeraars
03732,1953,,Bataljonsgedenkboek : 421e Bataljon Garde Regiment Jagers
03769,1950,,Djokjakarta
03733,1947,,De Stoot : I Bat. Regt. Stoottroepen\, 21-7-1947/15-10-1947
03770,1950,,Artillerievuur in de tropen : het boek met zijn herinneringen aan het 8e Regiment Veldartillerie\, ingedeeld bij de 3e Inf. Brig. Gr.-C Divisie '7 december'
03734,1947,,"Ee?n jaar \W\""-Brigade : gedenkboek uitgegeven ter gelegenheid van het e?e?njarig bestaan der \""W\""-Brigade /"""
03735,1951,,Da?t was 423 : leven en werken van het 423 Bataljon in Oost-Java
03736,1950,,Vijf-zes : hoe het reilde en zeilde
03737,1989,,Van west naar oost : de rol van de Curac?aose Rode-Kruiscolonne in het voormalig Nederlands Oost-Indie?
03771,1983,,KNIL herinneringen
03738,1949,,Dwars door zuid Sumatra
03772,1989,,Dorp en dessa : verhaal van een dorp in Brabant en zijn jongens-soldaten in de vrijheidsstrijd van Indonesie? 1945-1951
03723,,,Rapport uit Porrong : met het 8e Eskadron Vechtwagens naar Oost-Java
03739,1986,,Voor orde en vrede... : de geschiedenis van het 3e Bataljon van het Regiment Stoottroepen der 7 December Divisie.
03773,1950,,Vier-acht\, op wacht' : opgedragen aan hen die ons ontvielen
03740,1982,,Soldatenverzet rond politionele akties in Indonesie : 1948-1949
03741,1990,,Je moet nu gaan
03742,1991,,Met de T.N.I. op stap : de laatste patrouille van het vergeten leger
03774,1947,,2 jaar I-1 R.I.
03775,1948,,Ter herinnering aan Uw verblijf op Sumatra : I-1 R.I.
03776,1981,,Interessante reis met 1800 militairen naar Indie : bezoeken aan onze Groningse oorlogsvrijwilligers in de rimboe van Oost-Java
03743,1950,,Awas\, pijp-pijp datang : gedenkboek geschreven door en voor de manschappen van 5-5 R.I.
03744,,,Bren naar voren\, partisanen! : het O.V.W.-Bataljon 1-12 R.I. op Java
03745,1950,,... Herinnerings-album 5-10 R.I. : achter de Sinabun scheen toch de zon... : / [met voorw. van P. Scholten]
03777,1983,,De geschiedenis van het 425e Bataljon Infanterie\, de trekvogels : Indonesie? 1949-1950
03746,,,Wij waren in... Jogja!
03778,1950,,3-7 R.I. op Midden-Java : gedenkboek van een bataljon van de Koninklijke Landmacht te velde
03747,1950,,Met 35 A.A.T. op Noord-Sumatra
03838,2000,Winter\, Adriaan Theodoor de,Brief aan een psycholoog: oorlogservaringen
03840,, Achter de schermen van het theater.","Een Gronings hotel in de oorlog
03821,1955,Linzel\, Jan,Tien jaren BNMO. Gedenkboek van de Bond van Nederlandse militaire oorlogsslachtoffers ter gelegenheid van zijn 10-jarig bestaan
03837,1991,Pool\, R.,Herinneringen van een gemobiliseerde Infanterist\, Engeland - en Indiëganger 1939-1948
03835,1940,Hetebrij Bart (ed.),De mens groeit met de prijs die hij betaalt: Levensverhalen van acht veteranen 1940-2006
03867,1988,Koster\, Leendert Pieter,'Een oorlogsvrijwilliger vertelt. 1945-1948'
03848,1948,Post\, Hans (pseudoniem van Hubert Paas),Commando’s vallen aan
03860,1992,Vianen\, van\, Eddy (red.),Promotie '42
03855,2001,Schermers\, G.,Toch niet vergeefs!!           ?? Militaire diensttijd Ned. Oost-Indie 1946-1948
03880,1990,Engelbronner\, E.R.d.,Solo in Batavia (bestaat uit 4 delen)
03876,,Onnen\, M.,De Luchtdoelartilleriegroep Militaire Luchtvaart  1947-1949\, voortgekomen uit het Eerste Regiment Lichte Luchtdoelartillerie
03852,1978,Holtman H.,6 RVA
03864,1993,Kalmeijer\, Nol,41 Hpva 1948-1950 Het boek
03875,1994,Vries\, de W.C.,Het 1ste Bataljon Stoottroepen (I R.S.) in Indië 1945-1948
03877,1997,Schaik\, J. H. v. V. G. J.,Spiegel Historiael: 5e Bataljon Garde-Jagers
03861,1996,Alders\, Tom,1946-1949 Herinneringen. 7 December Divisie - 2e Geneeskundige afdeling - 2e Hulp Verbandplaats Afdeling
03857,1949,Weber\, E.A.C.,Dagboek van het 3e bataljon 2e regiment infanterie der 3e infanterie brigade groep 7 december divisie van 1 september 1946 tot en met 31 december 1949
03870,1999,Hoogeboom\, G.C.,43e Hulpverbandplaatsafdeling 1949-1951
03856,1996,Baarsen\, van\, P.W.,50 jaar 4-10 ri: 7 november 1946-1996
03879,1989,,3e bataljon Garderegiment Jagers : oorlogsdagboek\, Indonesië '46-'49
03863,2013,Visser\, Johannes Andries de,Dagboek uit Indie: belevenissen uit mijn diensttijd als oorlogsvrijwilliger.
03874,2013,Tjioe\, Sam,Indië land van mijn dromen: De KNIL tijd van Peter Fonkert
03872,2014,Volders\, Henk,Ik was korporaal in Nederlands-Indië
03868,2004,Linde\, van der Wim J.,Ik wilde soldaat worden: herinneringen aan Indië en Korea
03851,2000,Fokkens\, J.,Wij werden geroepen… Te dienen ons land en ons volk
03849,1997,Alberda\, J.E.,Het trommeltje. Herinneringen 1944-1949. Deel 1.
03850,2001,Alberda\, J.E.,Het trommeltje. Herinneringen 1944-1949. Deel II
03847,1975,Kontakt 5-11-R.I.,5-11 RI 1947-1950
03853,1992,,1947-1992: 45 jaar ‘Lima Sebelas’
03881,1947,Muller\, Marinus,Mijn tijd in Indie
03873,1999,,3e Bataljon 10e Regiment Infanterie: 01 oktober 1949 50 jaar thuis 29 november 1999
03846,1999,Buddingh'\, G.P.F.,'Gandhi heeft de dood overwonnen….'
03865,1945,Bugnum\, H.C. van,Voor orde en vrede. Herinnering en herdenking
03882,2012,Lee\, G.F. van der,Zinvol geweld? 17 november 1947-4 november 1950
03854,1947,,Echte LuA-verhalen. Simon Stevin - Indrapoera - Kramatjati - Kalidjati - Medan - Semarang - Prapat - Padang - Maospati - Mardinding - Pinang-Sore - Sibajak.
03869,1987,Kraamwinkel\, Gerard,Met opgeheven hoofd: herinneringen van LuA-mannen aan hun diensttijd in Nederlands-Indië 1946-1949
03996,1948,,"Ons groot avontuur : met 2-14 R.I. Bataljon \Zeeland\"" naar Indië /"""
03995,1947,,Bericht van je jongen
03894,1952,,De 42e Cie Aan- en Afvoertroepen Overzee.
03897,,Alberts\, Meint,Ach\, wat is belangrijk
03893,1990,Hager\, Klaas Jan,Nacht over de rimboe. Hospik in de Oost - Belevenissen van verpleger Klaas Jan Hager
03895,,-,"Dagboek 2-3-2 R.I. van 1-9-46 -- 17-3-1949. Gevechtsgroep 2-3-2 R.I. 3e Inf. Brigade Groep ""C"" Divisie ""7 December"""
03896,1989,Ploeg\, J.T.,Sterren die blijven: ervaringen als Nederlands soldaat - met de worsteling om betrokkenheid bij de wording en ontwikkeling van Indonesië
03891,1945,Schenk\, Guus,Tussen Alcantara en Zuiderkruis. Een verhaal over de belevenissen van het IIIe (7e) Bataljon van het Oorlogsregiment Stoottroepen in het voormalig Nederlands Oost Indië.
03892,1994,Zand\, van 't\, Jan,De bij voorbaat verloren strijd
03819,1992,Westra\, J.,Jongvolwassenen in de knel: dienstplicht in Indië 1946-1950: dagboekuittreksels
03827,2007,Lange\, De\, M.A.P.,Dienstplichtig tussen macht en onmacht. Ofwel\, notities omtrent eigen- en andermans belevenissen in de jaren 1945-1950
03859,1948,-,2 jaar 6e Afd. Art. KL.
03862,1947,Bouwens\, Jan,Brieven van Janus Bouwens uit Indonesië
03866,1940,Gunnink\, Frans,Frans Gunnink 1923-1946: herinneringen en brieven
03923,,,####
03924,,,####
03925,,,####
03926,,,####
03927,,,####
03928,,,####
03929,,,####
03919, Het verhaal van Tonny Doensen\, diensplichtig militair in Nederlands-Indië 1948-1950",koopmijnboek.nl,"Waarom wij…
03991,,Nijboer\, Ronald,Tabé Java Tabé Indië
03992,2017,,"""Loslaten\, dat gaat niet meer""."
03993,,,"Veteranen in Nederland : onderzoek naar de gevolgen van oorlogservaringen
03920,2007,Zentveld\, Huib,'Gerrit Zentveld: een Hoever die als oorlogsvrijwilliger (OVW-er) naar Nederlands-Indië vertrok en daar op 28 september 1947 sneuvelde'.
06001,2016,Penders\, Peter. ,Dagboek van soldaat 1e klasse Han de Haas over stationering op Sumatra in periode 1947-1950.
06003,,Soest: Boekscout.,"Ze spraken er niet over
03936,,,Het Indisch avontuur tegemoet : als officier van Gezondheid naar voormalig Nederlands-Indië
03815,,,Thuis gelooft niemand mij : Zuid-Celebes 1946-1947
06007,1947,,Gedenkboek 4-11-R.I.
06004,,,Van moederland naar vaderland
06006,,,Dat was jij\, marinier! : de geschiedenis van de mariniersbrigade 1945-1949
03920,2013,Boermans\, Th.,Worsteling met het verleden. Levensverhaal van een Venlonaar.
03922,1988,,De vijf broers Dellemijn in mil.-dienst 1945-1958\, Nederl.\, Engel.\, Indonesië
03905,1993,Groen\, Douwe,Schuitje varen\, theetje drinken. Het relaas van een Amsterdamse jongen 1940-1950
03898,2008,Ameling\, F.,Dienstplicht in Indië 1949-1951: Herinneringen van Fred Ameling
03901,2000,Luiken\, H.,Van de Beek naar de Kali: Beekse herinneringen aan Nederlands-Indië\, 1945-1950
03911,1998,van Oijen\, L. M. A.,"""Alle stations bedankt! …uit"". En andere verhalen"
03909,2006,Trommelen\, Mattie,''Ik zal blij zijn ak d'n Oostroutse toren weer zie'': Oosterhoutse jongens in Nederlands-Indië (1945-1950)
03900,2010,Vergoossen\, B.,Als het vaderland roept…
03912,2010,Molenaar\, Leo,Herinneringen aan mijn jaren als dienstplichtig militair tijdens de politionele acties in voormalig Nederlands Indie?
03910,1996,Schuitemaker\, L.,10e Regiment Infanterie IIIe Bataljon
03908,1995,Visker\, Derk Adriaan,Tangsibloemen. Herinneringen uit de diensttijd van een oud K.N.I.L-militair
03906,2001,Koningsbruggen\, H. J. J. M. v.,43 RVA\, de hekkensluiters
03899,2003,Blijdorp\, B.A.,Een portret van negentig Wieringermeerders als militair in Nederlands-Indië en Nieuw Guinea
03907,2008,Bijker\, H.A.,Lotgevallen van de soldaat/soldaat 1
03903,2012,Bijker\, Hennie,5-5 R.I.: Terugblik bij het 65 jarig bestaan 1947-2012
03889,2006,Osch\, P.M. van,42 PAW. Belevenissen van een eskadron cavalerie Java 1949-1950
03888,1953,Bijll\, P.J. van der,43e Zelfstandige Verkenningseskadron Huzaren van Boreel
03887,1997,J. v. Schuppen,Sprang-Capelle Als militair naar Nederlands Indie
03883,1949,,Vijfde Bataljon Garderegiment Jagers. 1949. Uitgegeven ter gelegenheid van het 120-jarig bestaan van het Garderegiment Jagers
03884,1949,,Vijfde Bataljon Garderegiment Jagers. 1949. Uitgegeven ter gelegenheid van het 120-jarig bestaan van het Garderegiment Jagers
03885,1989,Bronke\, Bob,Compie Lima 3-8 R.I. 1 juli 1946 29 november 1949
03890,1948,,Java-jaar II. Dagboek van het 3e peloton II-II Regiment Huzaren van Boreel
03886,,Meier\, Gijs,Belevenissen uit mijn diensplichttijd\, van 1 Juli 1946 tot 13 Januari 1950
####,,,Brieven van C. de Groen\, soldaat in Indie? en Indonesie? aan zijn familie in Poortvliet
####,,,Herinneringen uit het KNIL
03902,2007,,Jaarboek Stichting Veteranen
####,,,Odyssee van een marinier : omzwervingen en lotgevallen van de uit de rangen opgeklommen officier der mariniers (Ltzvk 2 O.C. b.d.) Arie van Wijk
####,,,De oorlog ver weg\, 1942-1949 : Nederlands-Indie\, de Japanse bezetting en de politionele acties : verhalen via interviews van militairen en burgers die deze oorlog zelf hebben meegemaakt
03999,,,De brutale reis : de eerste tocht naar een nieuwe wereld
03904,2001,Bastiaansen\, Jan,Tussen dorp en kampong: Het verhaal en de wetenswaardigheden van Rijsbergse en Zunderts dorpsjongens die in de periode 1945-1951 in Indië verbleven
####,1948,Bleijenberg\, Jan,Dagboek 2-7-1948 t/m 30-11-1948 Vora Mariniersbrigade Soerabaja
####,1999,Bouman\, Harry,My life story
03913,2006,Bout\, van den Henk,"Mannen zonder een echte jeugd: het 413e Bat.Inf. in Indonesie 1948/1950 b.g. ""Het Ijzeren Bataljon"""
####,2007,Franken\, Bart,Daar sta je dan... : Indië-dagboek van een Betuwse dienstplichtige : 24 september 1948-21 juni 1950.
03916,2001,Hoogenboom\, Cor .J.,Tekenen bij het korps: dagboek van een marinier
03918,1998,Klerk\, Gerard de,Mijn Indië Tijd
####,2003,Laumans\, Theo,Oorlogservaringen : herinneringen van veteranen uit Tegelen en Belfeld : gebeurtenissen tijdens de Tweede Wereldoorlog en in Nederlands Indie?
####,2016,Olivier\, Ed en Joep Derksen,. Lissese veteranen van Nederlands-Indië tot Afghanistan\, 1945-2015.
####,1985,Poeth\, Piet J. W. ,Zij kwamen en gingen : 6 dagboeken\, over de geschiedenis van Tegelen in de Tweede Wereldoorlog en Balans over de jaren '45-'85.
####,,Siebenga\, Jan,Indrukken van Nederlands-Indië: Verhalen\, gedichten over en foto's van de politionele acties\, het land en de mensen
03917,1995,Snackers\, John,"Oud Mariniers Oostelijke Mijnstreek: ""Een verhaal apart"""
03914,1997,Wieringa\, H.,Qua patet orbis… semper fidelis! Belevenissen van een 'zee-milicien'
03915,1999,Zwanenburg\, Gerrit J.,Herinneringen aan mijn tijd in Indië op Oost-Java 1946-1947 als Marinier O.V.W. radio-seiner bij de Mariniersbrigade
####,,,####
####,,,####
####,,,####
03978,2012,Lock\, Ellen,'Het is een wonder dat ik het heb overleefd': ridder in de Militaire Willems-Orde\, Giovanni Hakkenberg\, vertelt over de slag in de Javazee en zijn dwangarbeid aan de Birmaspoorweg en in de Japanse mijnen.
03963,2002,Kruijff\, Mariska,Ik was net een stuk beton.' Oud-marinier Harry de Wacht.
03955,2003,Brandwijk\, van\, Klazien,Je persoonlijke verantwoordelijkheid blijft!' Indië-veteraan Schaafsma werd van oorlogsvrijwilliger vredesactivist.
03956,2003,Schaap\, Dick,De langste dag van tankschutter Van Berkel.
03948,2004,Brandwijk\, van\, Klazien,Helemaal geen rancune.' Sergeant OVW na vijftig jaar terug naar Zuid-Sumatra.
03976,2004,Scagliola\, Stef,Geboren uit liefde in tijden van oorlog.
03950,2005,Brandwijk\, van\, Klazien,Waarom onderscheid tussen dienstplichtig en beroeps? Indië-veteraan Stan VollmŸller begrijpt het nog steeds niet.
03951,2005,Schaap\, Dick,Zo leuk was het niet voor onze jongens overzee.' Ooggetuige filmopnames 'nep' patrouille in Nederlands-Indië.
03949,2005,Brandwijk\, van\, Klazien,'Ik moest\, maar spijt? Nee!' Folkert Mansens over zijn dienstplicht in Indië.
03947,2006,Brandwijk\, van\, Klazien,Brieven schrijven als uitlaatklep en tijdverdrijf.' Indië-veteraan Michiel Dijk.
03954,2007,Salomons\, Anne,Uit de machinekamer klinkt hemelse muziek. Indië- en Koreaveteraan Leen Puister leidt restauratie mijnenveger Mahu.
03952,2007,Brandwijk\, van\, Klazien,Onze terugkeer was anders.' Indië-veteraan Jan Jacobus van Os.
03953,2007,Schaap\, Dick,'Die tekeningen spelen nu nog een rol.' Korporaal vereeuwigde gein en verdriet op de buitenpost Pekalongan.
03977,2007,Wegman\, Marleen,'Niets zo vies als een oorlog.' Indië-veteraan Sjeng Cox is blij met late erkenning.
03957,2008,Deth\, van\, Linde,'Het zou geen vakantie worden.' Jack vanDalen werd in 1946 uitgezonden naar Nederlands-Indië
03964,2009,Lardenoye\, Fred,Ik voel me een gewone veteraan.' Wim Helmendach als militair in Nederlands-Indië Žn Libanon.
03960,2010,Schaap\, Dick,'Korea-crisis domper op toekomst Indiëveteranen. Economische vooruitzichten Nederland 1950 zeer slecht.
03962,2010,Schaap\, Dick,'Strijd om Indonesi‘ was doelloze zaak.' Indiëveteraan en oud-marinier korporaal Maarten van der Velden.
03959,2010,Rozemuller\, Janke,'Ik leefde van dag tot dag.' Willem Cirkel was chauffeur op Sumatra.
03961,2010,Schaap\, Dick,Van 'deserteur' tot gelauwerde telegrafist. Indiëveteraan Aad Poortvliet hield vitale radioverbinding Timor in stand.
03958,2010,Elk\, van\, Bert,Indiëveteraan draagt materiaal over. Sweepproject levert waardevolle schenkingen op voor het NIMH.
03966,2011,Salomons\, Anne,Uit de derde wagon kwam helemaal niemand.' Indiëveteraan Joop Eikenboom was getuige van drama met gevangenentransport.
03965,2011,Lardenoye\, Fred,Ik heb in Indië de meeste kilometers gemaakt.' Voor oud-korporaal Tjeu van den Kerkhof is het wandelen nooit opgehouden.
03946,2012,Schaap\, Dick,'Dodental Rawagede strookt niet met werkelijkheid.' Interview met oud-sergeant Fokke Dijkstra van 3-9 RI.
03945,2012,Algra\, Gielt,'Het was ruig om ervan te weten.' Excessen in Nederlands-Indië waren volgens veteraan-schrijver bekend.
03967,2013,Schaap\, Dick,'Je hoorde weinig over Indië.' Veteraan schreef meerdere boeken over uitzending.
03975,1996,Gerritse\, Peter,De man die nooit meer van de sawahs droomt. Wisse Dekker en de onontkoombaarheid van de dingen.
03970,1997,Bais\, Karolien,'Als marinekapper zit je gebakken.' Weeskind Jan van Toledo zag het wel zitten.
03968,1997,Bais\, Karolien,'Ik voelde me nooit angstig\, ik vond alles mooi.' Gerrit Pinkster\, soldaat.
03969,1997,Bais\, Karolien,'Toen ik uit Indië wegging\, heb ik staan janken.' Verbindingsman en 'totok' Nol van der Sluijs.
03971,1997,Koopman\, Tom,Het uur van de wraak
03973,1999,Schaap\, Dick,Tivadar Spier en het verschil tussen doden en moorden.
03974,1999,Snijders\, Marcel,Een houten kistje met veertien schroefjes. Verders geen nieuws meer vandaag.
03972,2000,Hovinga\, Henk,Voor vorstin en vaderland. KNIL-soldaat De Lizer overleefde massa-executie
03979,2009,Payens\, Katja,Herinnering aan mijn diensttijd overzee : de fotografische nalatenschap van de onafhankelijksstrijd in Indonesi‘. Fotografisch geheugen. 64: 26-27.
06001,###,Smits\, Frank,Een ander pakje aan. De idee‘n van dienstplichtige militairen over het conflict tussen Nederland en de Republiek Indonesi‘ 1945-1949
###,2014,Schaap\, Dick,'Urenlang oog in oog met de TNI.' Eenheid Indiëveteraan verliet na Tweede Politionele Actie als laatste de stad Djokja.
###,2014,Lardenoye\, Fred,Als je het opschrijft\, ben je het kwijt.'
###,2014,Fonteyn\, Henk,Machogedrag van commandant leidde tot vier gesneuvelden. Indiëveteraan worstelt met traumatische herinneringen en schrijft boek.
###,2015,Schoeman\, Jan,'Knechtjes van de suikerberen.' Veteraan Peter Will kijkt terug op de inzet van Nederlandse militairen in Indië.
###,2015,Salomons\, Anne,'Ik vond alles meteen geweldig.'
03937,1993,,Gods trouw in de tropen : belevenissen van een aantal oudgedienden in het voormalig Nederlands Oost-Indie? gedurende de jaren 1946-1950
03938,1993,,Gods trouw in de tropen : belevenissen van een aantal oudgedienden in het voormalig Nederlands Oost-Indie? gedurende de jaren 1946-1950
03941,1986,,Het vergeten leger
03942,1986,,Het vergeten leger
03943,,,Bandjir over Noord-Sumatra
03944,,,Bandjir over Noord-Sumatra
03987,1878-1881,,Licht- en schaduwbeelden uit het hedendaagsch Amsterdam
03988,1878-1881,,Licht- en schaduwbeelden uit het hedendaagsch Amsterdam
03989,1878-1881,,Licht- en schaduwbeelden uit het hedendaagsch Amsterdam
03990,1878-1881,,Licht- en schaduwbeelden uit het hedendaagsch Amsterdam
03095,Aa,,23289437X
03096,Aa,,23289437X
03096,Aa,,23289437X
03939,1980,,Wel en wee der A.A.T.
03940,1980,,Wel en wee der A.A.T.
03986,1980,,Wel en wee der A.A.T.
06002,,,Bandjir over Noord-Sumatra
